-- MySQL dump 10.13  Distrib 5.7.18, for Linux (x86_64)
--
-- Host: localhost    Database: jdict
-- ------------------------------------------------------
-- Server version	5.7.18

/*!40101 SET @OLD_CHARACTER_SET_CLIENT=@@CHARACTER_SET_CLIENT */;
/*!40101 SET @OLD_CHARACTER_SET_RESULTS=@@CHARACTER_SET_RESULTS */;
/*!40101 SET @OLD_COLLATION_CONNECTION=@@COLLATION_CONNECTION */;
/*!40101 SET NAMES utf8 */;
/*!40103 SET @OLD_TIME_ZONE=@@TIME_ZONE */;
/*!40103 SET TIME_ZONE='+00:00' */;
/*!40014 SET @OLD_UNIQUE_CHECKS=@@UNIQUE_CHECKS, UNIQUE_CHECKS=0 */;
/*!40014 SET @OLD_FOREIGN_KEY_CHECKS=@@FOREIGN_KEY_CHECKS, FOREIGN_KEY_CHECKS=0 */;
/*!40101 SET @OLD_SQL_MODE=@@SQL_MODE, SQL_MODE='NO_AUTO_VALUE_ON_ZERO' */;
/*!40111 SET @OLD_SQL_NOTES=@@SQL_NOTES, SQL_NOTES=0 */;

--
-- Table structure for table `categories`
--

DROP TABLE IF EXISTS `categories`;
/*!40101 SET @saved_cs_client     = @@character_set_client */;
/*!40101 SET character_set_client = utf8 */;
CREATE TABLE `categories` (
  `id` int(10) unsigned NOT NULL AUTO_INCREMENT,
  `name` varchar(255) COLLATE utf8mb4_unicode_ci NOT NULL,
  `created_at` timestamp NULL DEFAULT NULL,
  `updated_at` timestamp NULL DEFAULT NULL,
  PRIMARY KEY (`id`)
) ENGINE=InnoDB AUTO_INCREMENT=10 DEFAULT CHARSET=utf8mb4 COLLATE=utf8mb4_unicode_ci;
/*!40101 SET character_set_client = @saved_cs_client */;

--
-- Dumping data for table `categories`
--

LOCK TABLES `categories` WRITE;
/*!40000 ALTER TABLE `categories` DISABLE KEYS */;
INSERT INTO `categories` VALUES (1,'Human Resources','2017-05-15 07:38:04','2017-05-15 07:38:04'),(2,'Software','2017-05-15 07:39:02','2017-05-15 07:39:02'),(3,'Hardware','2017-05-15 07:39:10','2017-05-15 07:39:10'),(4,'Offshore','2017-05-15 07:39:52','2017-05-15 07:39:52'),(5,'Communicator','2017-05-15 07:40:42','2017-06-06 12:31:30'),(7,'test','2017-06-07 10:42:19','2017-06-07 10:42:19'),(8,'Accounting','2017-06-15 12:47:43','2017-06-15 12:47:43'),(9,'Sales','2017-06-23 14:21:37','2017-06-23 14:21:37');
/*!40000 ALTER TABLE `categories` ENABLE KEYS */;
UNLOCK TABLES;

--
-- Table structure for table `category_word`
--

DROP TABLE IF EXISTS `category_word`;
/*!40101 SET @saved_cs_client     = @@character_set_client */;
/*!40101 SET character_set_client = utf8 */;
CREATE TABLE `category_word` (
  `category_id` int(10) unsigned DEFAULT NULL,
  `word_id` int(10) unsigned DEFAULT NULL,
  `created_at` timestamp NULL DEFAULT NULL,
  `updated_at` timestamp NULL DEFAULT NULL,
  KEY `category_word_category_id_foreign` (`category_id`),
  KEY `category_word_word_id_foreign` (`word_id`),
  CONSTRAINT `category_word_category_id_foreign` FOREIGN KEY (`category_id`) REFERENCES `categories` (`id`) ON DELETE CASCADE,
  CONSTRAINT `category_word_word_id_foreign` FOREIGN KEY (`word_id`) REFERENCES `words` (`id`) ON DELETE CASCADE
) ENGINE=InnoDB DEFAULT CHARSET=utf8mb4 COLLATE=utf8mb4_unicode_ci;
/*!40101 SET character_set_client = @saved_cs_client */;

--
-- Dumping data for table `category_word`
--

LOCK TABLES `category_word` WRITE;
/*!40000 ALTER TABLE `category_word` DISABLE KEYS */;
INSERT INTO `category_word` VALUES (1,47,'2017-06-13 13:54:33','2017-06-13 13:54:33'),(1,46,'2017-06-13 13:58:05','2017-06-13 13:58:05'),(1,45,'2017-06-13 14:03:52','2017-06-13 14:03:52'),(5,62,'2017-06-14 12:20:51','2017-06-14 12:20:51'),(5,63,'2017-06-14 12:22:21','2017-06-14 12:22:21'),(4,64,'2017-06-14 12:31:54','2017-06-14 12:31:54'),(4,65,'2017-06-14 12:38:04','2017-06-14 12:38:04'),(1,66,'2017-06-14 13:11:29','2017-06-14 13:11:29'),(5,67,'2017-06-14 13:46:48','2017-06-14 13:46:48'),(5,68,'2017-06-14 13:51:09','2017-06-14 13:51:09'),(5,69,'2017-06-14 13:54:19','2017-06-14 13:54:19'),(5,70,'2017-06-14 13:55:25','2017-06-14 13:55:25'),(2,71,'2017-06-14 13:55:41','2017-06-14 13:55:41'),(2,72,'2017-06-14 13:57:38','2017-06-14 13:57:38'),(2,73,'2017-06-14 13:59:00','2017-06-14 13:59:00'),(2,75,'2017-06-14 14:07:29','2017-06-14 14:07:29'),(2,76,'2017-06-14 14:09:05','2017-06-14 14:09:05'),(2,77,'2017-06-14 14:30:42','2017-06-14 14:30:42'),(3,77,'2017-06-14 14:30:42','2017-06-14 14:30:42'),(2,78,'2017-06-14 14:39:56','2017-06-14 14:39:56'),(3,78,'2017-06-14 14:39:56','2017-06-14 14:39:56'),(2,79,'2017-06-14 14:42:26','2017-06-14 14:42:26'),(3,79,'2017-06-14 14:42:26','2017-06-14 14:42:26'),(2,80,'2017-06-14 14:44:51','2017-06-14 14:44:51'),(3,80,'2017-06-14 14:44:51','2017-06-14 14:44:51'),(2,81,'2017-06-14 14:49:15','2017-06-14 14:49:15'),(3,81,'2017-06-14 14:49:15','2017-06-14 14:49:15'),(2,82,'2017-06-14 14:52:09','2017-06-14 14:52:09'),(3,82,'2017-06-14 14:52:09','2017-06-14 14:52:09'),(8,54,'2017-06-15 12:48:24','2017-06-15 12:48:24'),(8,86,'2017-06-15 12:48:38','2017-06-15 12:48:38'),(8,87,'2017-06-15 12:48:50','2017-06-15 12:48:50'),(8,88,'2017-06-15 12:48:59','2017-06-15 12:48:59'),(8,85,'2017-06-15 12:49:41','2017-06-15 12:49:41'),(8,84,'2017-06-15 12:49:52','2017-06-15 12:49:52'),(8,56,'2017-06-15 12:53:00','2017-06-15 12:53:00'),(8,55,'2017-06-15 12:53:22','2017-06-15 12:53:22'),(8,53,'2017-06-15 12:53:50','2017-06-15 12:53:50'),(8,52,'2017-06-15 12:54:00','2017-06-15 12:54:00'),(8,47,'2017-06-15 12:54:14','2017-06-15 12:54:14'),(8,46,'2017-06-15 12:54:27','2017-06-15 12:54:27'),(8,45,'2017-06-15 12:54:38','2017-06-15 12:54:38'),(8,44,'2017-06-15 12:54:51','2017-06-15 12:54:51'),(8,43,'2017-06-15 12:55:03','2017-06-15 12:55:03'),(8,42,'2017-06-15 12:55:12','2017-06-15 12:55:12'),(2,101,'2017-06-15 14:35:29','2017-06-15 14:35:29'),(2,102,'2017-06-15 14:36:41','2017-06-15 14:36:41'),(1,103,'2017-06-15 14:38:39','2017-06-15 14:38:39'),(1,104,'2017-06-15 14:41:20','2017-06-15 14:41:20'),(1,105,'2017-06-15 14:45:18','2017-06-15 14:45:18'),(1,106,'2017-06-15 14:49:11','2017-06-15 14:49:11'),(2,108,'2017-06-15 15:24:45','2017-06-15 15:24:45'),(3,108,'2017-06-15 15:24:45','2017-06-15 15:24:45'),(4,108,'2017-06-15 15:24:45','2017-06-15 15:24:45'),(2,109,'2017-06-15 15:27:51','2017-06-15 15:27:51'),(3,109,'2017-06-15 15:27:51','2017-06-15 15:27:51'),(4,109,'2017-06-15 15:27:51','2017-06-15 15:27:51'),(2,110,'2017-06-15 15:30:58','2017-06-15 15:30:58'),(3,110,'2017-06-15 15:30:58','2017-06-15 15:30:58'),(4,110,'2017-06-15 15:30:58','2017-06-15 15:30:58'),(2,111,'2017-06-15 15:33:29','2017-06-15 15:33:29'),(3,111,'2017-06-15 15:33:29','2017-06-15 15:33:29'),(4,111,'2017-06-15 15:33:29','2017-06-15 15:33:29'),(8,116,'2017-06-16 12:34:58','2017-06-16 12:34:58'),(8,115,'2017-06-16 12:35:09','2017-06-16 12:35:09'),(8,114,'2017-06-16 12:35:29','2017-06-16 12:35:29'),(8,113,'2017-06-16 12:35:36','2017-06-16 12:35:36'),(8,112,'2017-06-16 12:35:42','2017-06-16 12:35:42'),(2,117,'2017-06-16 14:19:44','2017-06-16 14:19:44'),(2,118,'2017-06-16 14:25:25','2017-06-16 14:25:25'),(2,119,'2017-06-16 14:27:00','2017-06-16 14:27:00'),(2,122,'2017-06-17 10:29:39','2017-06-17 10:29:39'),(4,122,'2017-06-17 10:29:39','2017-06-17 10:29:39'),(2,123,'2017-06-17 10:42:26','2017-06-17 10:42:26'),(2,124,'2017-06-17 10:59:28','2017-06-17 10:59:28'),(2,125,'2017-06-17 11:02:10','2017-06-17 11:02:10'),(2,126,'2017-06-17 11:05:10','2017-06-17 11:05:10'),(4,126,'2017-06-17 11:05:11','2017-06-17 11:05:11'),(2,127,'2017-06-17 11:08:09','2017-06-17 11:08:09'),(4,127,'2017-06-17 11:08:09','2017-06-17 11:08:09'),(2,139,'2017-06-22 14:12:45','2017-06-22 14:12:45'),(4,139,'2017-06-22 14:12:45','2017-06-22 14:12:45'),(2,140,'2017-06-22 14:50:57','2017-06-22 14:50:57'),(9,42,'2017-06-23 14:24:39','2017-06-23 14:24:39'),(2,144,'2017-06-23 14:32:15','2017-06-23 14:32:15'),(9,145,'2017-06-23 14:35:34','2017-06-23 14:35:34');
/*!40000 ALTER TABLE `category_word` ENABLE KEYS */;
UNLOCK TABLES;

--
-- Table structure for table `meanings`
--

DROP TABLE IF EXISTS `meanings`;
/*!40101 SET @saved_cs_client     = @@character_set_client */;
/*!40101 SET character_set_client = utf8 */;
CREATE TABLE `meanings` (
  `id` int(10) unsigned NOT NULL AUTO_INCREMENT,
  `word_id` int(11) DEFAULT NULL,
  `meaning` varchar(255) COLLATE utf8mb4_unicode_ci DEFAULT NULL,
  `examples` text COLLATE utf8mb4_unicode_ci,
  `created_at` timestamp NULL DEFAULT NULL,
  `updated_at` timestamp NULL DEFAULT NULL,
  PRIMARY KEY (`id`)
) ENGINE=InnoDB AUTO_INCREMENT=252 DEFAULT CHARSET=utf8mb4 COLLATE=utf8mb4_unicode_ci;
/*!40101 SET character_set_client = @saved_cs_client */;

--
-- Dumping data for table `meanings`
--

LOCK TABLES `meanings` WRITE;
/*!40000 ALTER TABLE `meanings` DISABLE KEYS */;
INSERT INTO `meanings` VALUES (1,9,'meaning 1','example 1','2017-05-16 13:34:28','2017-05-16 13:34:28'),(2,9,'meaning 2','example 2','2017-05-16 13:34:28','2017-05-16 13:34:28'),(3,9,'meaning 3','example3','2017-05-16 13:34:28','2017-05-16 13:34:28'),(4,1,'mean 1','example 1','2017-05-16 13:43:29','2017-05-16 13:43:29'),(5,1,'mean 2','example 2','2017-05-16 13:43:29','2017-05-16 13:43:29'),(6,24,'xin chao','hello guy','2017-05-17 08:28:46','2017-05-17 08:28:46'),(7,24,'xin chao 2','hello guy 2','2017-05-17 08:28:46','2017-05-17 08:28:46'),(8,25,'toi','i am A','2017-05-17 09:58:53','2017-05-17 09:58:53'),(9,26,'chung toi','we are going to school','2017-05-17 10:03:23','2017-05-17 10:03:23'),(10,26,'chung ta','we are the champion','2017-05-17 10:03:24','2017-05-17 10:03:24'),(11,27,'sach','this is a book','2017-05-17 12:30:56','2017-05-17 12:30:56'),(12,28,'vo','this is notebook','2017-05-17 12:32:16','2017-05-17 12:32:16'),(13,29,'tháng 1','いちがつ いちがつ','2017-05-17 12:44:34','2017-05-17 12:44:34'),(14,30,'chim bự','loài chim bự quấy rối','2017-05-17 13:16:07','2017-05-17 13:16:07'),(15,31,'chim bự','loài chim bự quấy rối','2017-05-17 13:22:20','2017-05-17 13:22:20'),(16,31,'chim rất bự','aaa','2017-05-17 13:22:21','2017-05-17 13:22:21'),(17,32,'select2 mean','select2 example','2017-05-18 10:38:30','2017-05-18 10:38:30'),(18,33,'Chữ kanji','漢字が難しい','2017-05-23 10:35:23','2017-05-23 10:35:23'),(19,34,'đáng tiếc, quý báu/ quý giá, lãng phí','惜しい間違いをしてしまった。','2017-06-06 10:57:26','2017-06-06 10:57:26'),(20,35,'ăn','ご飯を食べます','2017-06-06 11:08:34','2017-06-06 11:08:34'),(21,35,'dùng bữa','レストランでおいしいエビを食べました','2017-06-06 11:08:34','2017-06-06 11:08:34'),(22,36,'mean 1','example 1','2017-06-06 12:32:25','2017-06-06 12:32:25'),(23,37,'mean 2','i am 3','2017-06-06 12:36:59','2017-06-06 12:36:59'),(24,39,'mean 1','example 1','2017-06-06 12:48:50','2017-06-06 12:48:50'),(25,40,'toi','i am A','2017-06-06 12:52:44','2017-06-06 12:52:44'),(26,41,'mean 1','example 1','2017-06-06 13:02:31','2017-06-06 13:02:31'),(64,48,'mean 1','example 123','2017-06-07 10:35:11','2017-06-07 10:35:11'),(65,48,'mean 2','ex 12345','2017-06-07 10:35:12','2017-06-07 10:35:12'),(81,49,'mean 1','example 122','2017-06-07 10:58:15','2017-06-07 10:58:15'),(82,49,'mean 2','example 122','2017-06-07 10:58:15','2017-06-07 10:58:15'),(83,49,'mean 3','example 122','2017-06-07 10:58:15','2017-06-07 10:58:15'),(84,50,'mean 1','example 1','2017-06-07 11:13:03','2017-06-07 11:13:03'),(90,51,'a','aaa','2017-06-14 05:54:33','2017-06-14 05:54:33'),(91,51,'b','bbb','2017-06-14 05:54:33','2017-06-14 05:54:33'),(103,62,'cổ phần, cổ phiếu','株式会社','2017-06-14 12:20:51','2017-06-14 12:20:51'),(104,63,'hữu hạn, có giới hạn','有限会社','2017-06-14 12:22:21','2017-06-14 12:22:21'),(105,64,'người đặt hàng, bên đặt hàng','発注側の依頼を聞きます','2017-06-14 12:31:54','2017-06-14 12:31:54'),(109,65,'nhận uỷ thác, bên nhận đơn đặt hàng','開発側の義務はお客様の依頼通り製品を作ります','2017-06-14 13:37:41','2017-06-14 13:37:41'),(110,66,'lỗ vốn, thua, lỗ,  chịu thiệt thòi, sự thất bại','時には、損することが、最も大きな収穫となる。','2017-06-14 13:37:51','2017-06-14 13:37:51'),(114,67,'chứng thực','スマホ認証は登録した機器（ブラウザ）でのみ利用可能です。','2017-06-14 13:49:03','2017-06-14 13:49:03'),(115,68,'cuộc gọi nhỡ','未読の不在着信を表示する','2017-06-14 13:51:09','2017-06-14 13:51:09'),(116,69,'tăng dần','古い日付が上に来るように表示するには、[昇順で並べ替え] をクリックします。','2017-06-14 13:54:19','2017-06-14 13:54:19'),(119,71,'tạo ( tài liệu,  kế hoạch...)','開発時に作成する文書は、「仕様書」「設計書」「詳細設計書」などがあるんです。','2017-06-14 13:55:41','2017-06-14 13:55:41'),(123,72,'bản thiết kế','開発時に作成する文書は、「仕様書」「設計書」「詳細設計書」などがあるんです。','2017-06-14 13:58:14','2017-06-14 13:58:14'),(124,73,'bản thiết kế','開発時に作成する文書は、「仕様書」「設計書」「詳細設計書」などがあるんです。','2017-06-14 13:59:00','2017-06-14 13:59:00'),(127,74,'thứ tự ưu tiên','結合性は、同じ優先順位の演算子を処理する順番を決定します。','2017-06-14 14:01:22','2017-06-14 14:01:22'),(128,70,'giảm dần','新しい日付が上に来るように表示するには、[降順で並べ替え] をクリックします。','2017-06-14 14:04:46','2017-06-14 14:04:46'),(130,76,'history','通話履歴','2017-06-14 14:09:05','2017-06-14 14:09:05'),(135,77,'Requirement definition(tài liệu mô tả yêu cầu)','お客様は製品の要件定義書を作成して頂きました. (Khách hàng đã tạo tài liệu mô tả yêu cầu của sản phẩm)','2017-06-14 14:34:35','2017-06-14 14:34:35'),(137,78,'In call (thoại)','ボタンタッチ後通話開始. Sau khi touch vào button thì bắt đầu thoại','2017-06-14 14:40:07','2017-06-14 14:40:07'),(138,79,'Không tao tác','無操作30秒で初期画面に戻る (Nếu không thao tác 30 giây, sẽ quay về màn hình ban đầu','2017-06-14 14:42:26','2017-06-14 14:42:26'),(141,81,'Basic design (tài liệu thiết kế cơ bản)','基本設計書における項目を結合試験に反映する. (Phản ánh các mục có trong basic design vào tài liệu integration test)','2017-06-14 14:50:03','2017-06-14 14:50:03'),(142,82,'Detail design (thiết kế chi tiết)','詳細設計書は開発者に作成して頂きたいです。(Detail design thì muốn nhờ bên developer tạo giúp)','2017-06-14 14:52:09','2017-06-14 14:52:09'),(147,83,'aaa','aaa','2017-06-15 10:51:35','2017-06-15 10:51:35'),(162,54,'Vốn chủ sở hữu','純資産を増やす','2017-06-15 12:48:24','2017-06-15 12:48:24'),(163,86,'(Tiền) phải thu của khách hàng','売掛金を回収する','2017-06-15 12:48:38','2017-06-15 12:48:38'),(164,87,'Dự phòng phải thu khó đòi','貸倒引当金を計上する','2017-06-15 12:48:50','2017-06-15 12:48:50'),(165,88,'Tài khoản (kế toán)','勘定を記入する','2017-06-15 12:48:59','2017-06-15 12:48:59'),(166,85,'Tiền gửi ngân hàng','預金を引き出す','2017-06-15 12:49:41','2017-06-15 12:49:41'),(167,84,'Tiền mặt','現金を調達する','2017-06-15 12:49:52','2017-06-15 12:49:52'),(168,80,'Ngắt kết nối','「切断」ボタンを押下した際は、受付画面に戻る (Khi nhấn nút 「Disconnect」 thì quay về màn hình reception)','2017-06-15 12:50:34','2017-06-15 12:50:34'),(169,75,'mô tả','詳細は説明書に記載されている。','2017-06-15 12:51:20','2017-06-15 12:51:20'),(170,56,'Tài sản cố định','固定資産を売却する','2017-06-15 12:53:00','2017-06-15 12:53:00'),(171,55,'Tài sản lưu động','流動資産が多い','2017-06-15 12:53:22','2017-06-15 12:53:22'),(172,53,'Nợ phải trả','負債を返済する','2017-06-15 12:53:50','2017-06-15 12:53:50'),(173,52,'Tài sản, tổng tài sản','資産を売却する','2017-06-15 12:54:00','2017-06-15 12:54:00'),(174,47,'Báo cáo lưu chuyển tiền tệ','キャッシュフロー計算書を作成する','2017-06-15 12:54:14','2017-06-15 12:54:14'),(175,46,'Bảng báo cáo kết quả hoạt động kinh doanh','損益計算書を作成する','2017-06-15 12:54:27','2017-06-15 12:54:27'),(176,45,'Bảng cân đối kế toán','賃借対照表をを作成する','2017-06-15 12:54:38','2017-06-15 12:54:38'),(177,44,'Lợi nhuận','利益を分配する','2017-06-15 12:54:51','2017-06-15 12:54:51'),(178,43,'Chi phí','費用を削減する','2017-06-15 12:55:03','2017-06-15 12:55:03'),(180,94,'頑固で自分の考えを変えないngoan cố, cố chấp','うちの娘は強情で、言い出したら、なかなか考えを変えないんですよ。困ったものです。','2017-06-15 12:57:20','2017-06-15 12:57:20'),(181,95,'論文や議論の大事の点điểm quan trọng của bài văn, bài luận','あなたの論文は論旨が明快ではありませんね。ポイントを絞って、書く直してください。','2017-06-15 12:57:31','2017-06-15 12:57:31'),(182,93,'もうこれ以上できないというところまでhết sức, hết cỡ, hết khả năng','夫婦で目いっぱい働いても、贅沢ができるほどの収入には程遠い。','2017-06-15 12:57:41','2017-06-15 12:57:41'),(183,92,'trên tay','お手元にある資料をご覧ください。','2017-06-15 12:57:50','2017-06-15 12:57:50'),(184,91,'trở nên hào hứng','今日の飲み会はみんなの仕事の後で、あまり盛らなかった。','2017-06-15 12:58:07','2017-06-15 12:58:07'),(185,90,'必要以上に多い様子 quá','彼は自信過剰で、自分はなんでもできると思っている。','2017-06-15 12:58:18','2017-06-15 12:58:18'),(186,89,'心を隠さない様子、遠慮をしない様子 không giấu giếm, thể hiện hết ra','彼女はざっくばらんな性格で、裏表がなく、みんなに好かれている。今日は堅苦しい話をやめて、ざっくばらんに話しましょう。','2017-06-15 12:58:29','2017-06-15 12:58:29'),(187,61,'数、量が十分に、たくさん nhiều, đủ','昔この地方には石炭がふんだんにあった。','2017-06-15 12:58:45','2017-06-15 12:58:45'),(188,60,'犯罪のやりかたcách làm, thủ đoạn','この３つ盗難事件の手口はとても似ている。同一犯人の可能性がある。','2017-06-15 12:59:14','2017-06-15 12:59:14'),(189,59,'せわしい、忙しそうで落ち着かない bận rộn, hối hả','何か事件があったらしく、ビルの中の警備員がせわしなく行ったり来たりしている。。','2017-06-15 12:59:28','2017-06-15 12:59:28'),(190,57,'順番を変えてあとに遅らせること。','「宿題を後回しにする」、慎重になったり不安になったりするのは後回しにして、とにかく目の前のチャンスに一歩足跡をつけよう','2017-06-15 12:59:41','2017-06-15 12:59:41'),(191,58,'目つきで知らせること。truyền qua ánh mắt','女性が目くばせで何かを伝えたり、目を見て相手の心を読んだりするのが得意。','2017-06-15 12:59:55','2017-06-15 12:59:55'),(192,96,'phán đoán sai lầm','何か勘違いしているんじゃないか','2017-06-15 13:26:45','2017-06-15 13:26:45'),(193,97,'giống như buffet, nhưng có giới hạn thời gian','食べ放題に行きましょう','2017-06-15 13:30:43','2017-06-15 13:30:43'),(194,98,'giống như buffet, nhưng chỉ có nước uống, không có thức ăn và có/không giới hạn thời gian','飲み放題に行きましょう','2017-06-15 13:31:58','2017-06-15 13:31:58'),(195,99,'đột nhiên quên','知人の名前を度忘れする','2017-06-15 13:33:06','2017-06-15 13:33:06'),(196,100,'tính hay quên','近ごろ物忘れして困る','2017-06-15 13:35:24','2017-06-15 13:35:24'),(197,101,'giám thị, giám sát','GPSを用いた監視','2017-06-15 14:35:29','2017-06-15 14:35:29'),(198,102,'phòng chống tội phạm','防犯カメラ','2017-06-15 14:36:41','2017-06-15 14:36:41'),(199,103,'mối quan hệ, sự liên quan, sự kết giao','関連会社（công ty liên doanh)','2017-06-15 14:38:39','2017-06-15 14:38:39'),(200,104,'buôn bán, kinh doanh, tiếp thị','この会社はその製品を一手に販売している','2017-06-15 14:41:20','2017-06-15 14:41:20'),(201,105,'mua, mua vào','私はそのパソコンの購入を見合わせた（hoãn việc mua máy tính cá nhân lại)','2017-06-15 14:45:18','2017-06-15 14:45:18'),(202,106,'hoa hồng, tiền huê hồng, chi phí, tiền dịch vụ、phí dịch vụ','彼に５％の手数料を払った','2017-06-15 14:49:11','2017-06-15 14:49:11'),(203,107,'user (người dùng)','ユーザの動作で検証する(Kiểm chứng bằng thao tác của người dùng)','2017-06-15 15:22:29','2017-06-15 15:22:29'),(204,108,'device (thiết bị)','端末種類の原因で不具合が発生した。(Có lỗi sinh ra nguyên nhân do loại thiết bị)','2017-06-15 15:24:45','2017-06-15 15:24:45'),(206,110,'fullsize','全角文字のサイズは２bytesで半角文字のサイズは１byteだ。','2017-06-15 15:30:58','2017-06-15 15:30:58'),(207,109,'halfsize','カタカナは半角スタイルがありますがひらがなと漢字はありません（Chữ katakana có kiểu halfsize nhưng chữ hiragana và chữ kanji thì không có)','2017-06-15 15:31:13','2017-06-15 15:31:13'),(208,111,'chữ và số latin','英数字のみで入力してください。(Hãy nhập vào chỉ bẳng chữ và số latin)','2017-06-15 15:33:29','2017-06-15 15:33:29'),(214,115,'Vay ngắn hạn','短期借入金を返済する','2017-06-16 12:35:09','2017-06-16 12:35:09'),(215,116,'Vay và nợ dài hạn','長期借入金を返済する','2017-06-16 12:35:21','2017-06-16 12:35:21'),(216,114,'(Tiền) Phải trả người bán','買掛金を支払う','2017-06-16 12:35:29','2017-06-16 12:35:29'),(217,113,'Tài sản cố định vô hình','無形固定資産を購入する','2017-06-16 12:35:36','2017-06-16 12:35:36'),(218,112,'Tài sản cố định hữu hình','有形固定資産を購入する','2017-06-16 12:35:42','2017-06-16 12:35:42'),(219,117,'edit','原稿を編集する','2017-06-16 14:19:44','2017-06-16 14:19:44'),(220,118,'yêu cầu','要求を満たす','2017-06-16 14:25:25','2017-06-16 14:25:25'),(221,119,'điều chỉnh','要求の整理について記述した','2017-06-16 14:27:00','2017-06-16 14:27:00'),(222,120,'lĩnh hội, nắm vững, hiểu rõ','原因と結果について全く把握していない','2017-06-16 14:31:29','2017-06-16 14:31:29'),(223,121,'rõ ràng, chính xác','明確な定義','2017-06-16 14:33:54','2017-06-16 14:33:54'),(224,122,'transfer (call) / chuyển (cuộc gọi)','転送機能が必要です。(Chức năng chuyển cuộc gọi là cần thiết)','2017-06-17 10:29:39','2017-06-17 10:29:39'),(225,123,'Transferee (Phía bị chuyển cuộc gọi)','被転送者は保留されてCal waitingの音楽を聞く(Phía bị chuyển cuộc gọi bị hold call và nghe nhạc chờ)','2017-06-17 10:42:26','2017-06-17 10:42:26'),(226,124,'Transferer (Phía chuyển cuộc gọi)','転送（設定）者は「転送」ボタンを押して社員一覧から転送先を選ぶ。(Phía chuyển cuộc gọi nhấn button Transfer và chọn đích chuyển cuộc gọi từ danh sách nhân viên)','2017-06-17 10:59:28','2017-06-17 10:59:28'),(227,125,'Transfer target / transfer destination (Đích chuyển cuộc gọi)','転送先は着信を回答する(Phía đích chuyển cuộc gọi thực hiện trả lời cuộc gọi đến)','2017-06-17 11:02:10','2017-06-17 11:02:10'),(229,127,'Unmute','消音アイコンをもう一回押したら、消音解除をする(Khi nhấn icon mute lần nữa thì sẽ unmute)','2017-06-17 11:08:09','2017-06-17 11:08:09'),(230,126,'Chức năng Mute','消音アイコンを押したら相手は何も聞こえません(Hễ mà nhấn icon Mute thì phía đối phương sẽ không còn nghe được gì nữa)','2017-06-17 11:08:32','2017-06-17 11:08:32'),(231,128,'（感情などが）強くなるtrở nên mạnh, trở nên mãnh liệt','彼女に対する私の思いは募るばかりだ。','2017-06-21 11:47:08','2017-06-21 11:47:08'),(232,129,'きちんとしていないkhông nghiêm túc','ルーズな生活をしていると、体にもよくないし、精神的にも集中力がなくなるのではないか。','2017-06-21 11:51:43','2017-06-21 11:51:43'),(233,130,'色々な面からを見て、不足なところや不満なところがないhoàn hảo','宿泊したホテルのサービスは申し分なかった。','2017-06-21 11:56:44','2017-06-21 11:56:44'),(234,131,'将来はわからないが、今のところngay lúc bây giờ','将来は自分の店を持ちたいと思っているが、当面は父の会社で働くつもりです。','2017-06-21 12:00:57','2017-06-21 12:00:57'),(235,132,'ほんの少しもmột chút cũng','彼はその仕事を嫌な顔などでみじんも見せずに引き受けた。','2017-06-21 12:09:57','2017-06-21 12:09:57'),(236,133,'失敗する','あの人がしくじるなんて、考えられない。','2017-06-21 12:20:40','2017-06-21 12:20:40'),(237,134,'柔らかくてよく曲がるmềm, dễ uốn','猫の体の動きは非常にしなやかだ。','2017-06-22 06:53:54','2017-06-22 06:53:54'),(240,135,'自慢そうにみんなに見せるkhoe (kiểu tự mãn)','彼がわざわざ車で来たのは新しい車を見せびらかすためだった。','2017-06-22 12:10:05','2017-06-22 12:10:05'),(241,136,'緊張して落ち着かなくなるmất bình tĩnh','私は人前に立つとあがってしまい、顔が赤くなり声が震える。','2017-06-22 12:25:23','2017-06-22 12:25:23'),(242,137,'けんかをするcãi nhau','浮気問題でもめていた近所のご夫婦がとうとう離婚したらしい。','2017-06-22 12:31:31','2017-06-22 12:31:31'),(243,138,'同様y chan như','友人から譲ってもらった中古のピアノは新品同然だった。','2017-06-22 12:41:36','2017-06-22 12:41:36'),(244,139,'Tùy ý (optional)','任意の内/外線Aと発着信通話中(音声・ビデオ)とする (Thực hiện (audio/video) outgoing incoming và in call nội bộ hoặc gọi ra ngoài tùy ý đến A)','2017-06-22 14:12:45','2017-06-22 14:12:45'),(245,140,'cả 2 hướng, cả 2 phía','双方向通話ができること(Có thể đàm thoại được cả 2 phía)','2017-06-22 14:50:57','2017-06-22 14:50:57'),(246,141,'一人あるいは一つだけ残ってしまうこと。chỉ còn 1 người hoặc 1 chút','家の中に人が取り残されていないか、よく見てください。','2017-06-23 13:18:17','2017-06-23 13:18:17'),(247,142,'お酒より甘いお菓子などを好む人người thích ngọt','Aさんは甘党ですよ。','2017-06-23 13:40:14','2017-06-23 13:40:14'),(248,143,'自分の周りに壁を作って外に出ない。không giao du với mọi người xung quanh','Cさんは家を出なくて、友達と付き合わない。','2017-06-23 13:45:54','2017-06-23 13:45:54'),(249,42,'Doanh thu、doanh số','売上を伸ばす（うりあげをのばす)','2017-06-23 14:24:39','2017-06-23 14:24:39'),(250,144,'cải tiến, cải thiện','なんとか今の生活状態を改善したいと思っています（Tôi muốn bằng cách nào đó cải thiện điều kiện sống hiện tại của mình)','2017-06-23 14:32:15','2017-06-23 14:32:15'),(251,145,'xấp xỉ, tính sơ, ước tính','彼女は概算で私の2倍稼いでいる（Bằng tính toán sơ bộ thì cô ấy kiếm được gấp 2 lần tôi)','2017-06-23 14:35:34','2017-06-23 14:35:34');
/*!40000 ALTER TABLE `meanings` ENABLE KEYS */;
UNLOCK TABLES;

--
-- Table structure for table `migrations`
--

DROP TABLE IF EXISTS `migrations`;
/*!40101 SET @saved_cs_client     = @@character_set_client */;
/*!40101 SET character_set_client = utf8 */;
CREATE TABLE `migrations` (
  `id` int(10) unsigned NOT NULL AUTO_INCREMENT,
  `migration` varchar(255) COLLATE utf8mb4_unicode_ci NOT NULL,
  `batch` int(11) NOT NULL,
  PRIMARY KEY (`id`)
) ENGINE=InnoDB AUTO_INCREMENT=10 DEFAULT CHARSET=utf8mb4 COLLATE=utf8mb4_unicode_ci;
/*!40101 SET character_set_client = @saved_cs_client */;

--
-- Dumping data for table `migrations`
--

LOCK TABLES `migrations` WRITE;
/*!40000 ALTER TABLE `migrations` DISABLE KEYS */;
INSERT INTO `migrations` VALUES (1,'2014_10_12_000000_create_users_table',1),(2,'2014_10_12_100000_create_password_resets_table',1),(3,'2017_05_10_083734_create_roles_table',1),(4,'2017_05_15_032941_create_categories_table',2),(5,'2017_05_15_071439_create_words_table',3),(6,'2017_05_15_071741_create_words_table',4),(7,'2017_05_16_041738_create_category_word_table',5),(8,'2017_05_16_090743_create_meanings_table',6),(9,'2017_05_18_071440_create_role_table',7);
/*!40000 ALTER TABLE `migrations` ENABLE KEYS */;
UNLOCK TABLES;

--
-- Table structure for table `password_resets`
--

DROP TABLE IF EXISTS `password_resets`;
/*!40101 SET @saved_cs_client     = @@character_set_client */;
/*!40101 SET character_set_client = utf8 */;
CREATE TABLE `password_resets` (
  `email` varchar(255) COLLATE utf8mb4_unicode_ci NOT NULL,
  `token` varchar(255) COLLATE utf8mb4_unicode_ci NOT NULL,
  `created_at` timestamp NOT NULL DEFAULT CURRENT_TIMESTAMP ON UPDATE CURRENT_TIMESTAMP
) ENGINE=InnoDB DEFAULT CHARSET=utf8mb4 COLLATE=utf8mb4_unicode_ci;
/*!40101 SET character_set_client = @saved_cs_client */;

--
-- Dumping data for table `password_resets`
--

LOCK TABLES `password_resets` WRITE;
/*!40000 ALTER TABLE `password_resets` DISABLE KEYS */;
/*!40000 ALTER TABLE `password_resets` ENABLE KEYS */;
UNLOCK TABLES;

--
-- Table structure for table `roles`
--

DROP TABLE IF EXISTS `roles`;
/*!40101 SET @saved_cs_client     = @@character_set_client */;
/*!40101 SET character_set_client = utf8 */;
CREATE TABLE `roles` (
  `id` int(10) unsigned NOT NULL AUTO_INCREMENT,
  `name` varchar(255) COLLATE utf8mb4_unicode_ci NOT NULL,
  `description` varchar(255) COLLATE utf8mb4_unicode_ci NOT NULL,
  `created_at` timestamp NULL DEFAULT NULL,
  `updated_at` timestamp NULL DEFAULT NULL,
  PRIMARY KEY (`id`)
) ENGINE=InnoDB AUTO_INCREMENT=4 DEFAULT CHARSET=utf8mb4 COLLATE=utf8mb4_unicode_ci;
/*!40101 SET character_set_client = @saved_cs_client */;

--
-- Dumping data for table `roles`
--

LOCK TABLES `roles` WRITE;
/*!40000 ALTER TABLE `roles` DISABLE KEYS */;
INSERT INTO `roles` VALUES (1,'admin','Admin','2017-05-10 19:45:41','2017-05-10 19:45:42'),(2,'user','User','2017-05-10 19:46:05','2017-05-10 19:46:07'),(3,'guest','Guest','2017-05-10 19:46:40','2017-05-10 19:46:42');
/*!40000 ALTER TABLE `roles` ENABLE KEYS */;
UNLOCK TABLES;

--
-- Table structure for table `users`
--

DROP TABLE IF EXISTS `users`;
/*!40101 SET @saved_cs_client     = @@character_set_client */;
/*!40101 SET character_set_client = utf8 */;
CREATE TABLE `users` (
  `id` int(10) unsigned NOT NULL AUTO_INCREMENT,
  `name` varchar(255) COLLATE utf8mb4_unicode_ci NOT NULL,
  `email` varchar(255) COLLATE utf8mb4_unicode_ci NOT NULL,
  `password` varchar(255) COLLATE utf8mb4_unicode_ci NOT NULL,
  `role_id` smallint(6) NOT NULL DEFAULT '2',
  `remember_token` varchar(100) COLLATE utf8mb4_unicode_ci DEFAULT NULL,
  `created_at` timestamp NULL DEFAULT NULL,
  `updated_at` timestamp NULL DEFAULT NULL,
  PRIMARY KEY (`id`)
) ENGINE=InnoDB AUTO_INCREMENT=17 DEFAULT CHARSET=utf8mb4 COLLATE=utf8mb4_unicode_ci;
/*!40101 SET character_set_client = @saved_cs_client */;

--
-- Dumping data for table `users`
--

LOCK TABLES `users` WRITE;
/*!40000 ALTER TABLE `users` DISABLE KEYS */;
INSERT INTO `users` VALUES (2,'thiep.le.huu','le.huu.thiep@softfront.com.vn','$2y$10$6vCEOOx8wtWqmxP7BKTfv.fuIdC9fyI2lIw0nln6bZ5h6nTIH3PCG',1,'hvtHra46nPijOcNBexwuGP2tzSSa9swzrTmWzff39p2gkgxiIA8I4jblG5ob','2017-05-15 05:58:02','2017-05-15 05:58:02'),(7,'Tran Chieu Chieu','tran.chieu.chieu@softfront.com.vn','$2y$10$4zdPEAJNOEMZqW8kSFLuI.zqcDWnCEOJL45yM3RLCcglrbHpCxsGy',1,'ya2Pyg9P7H4BEmw5RHxMSzSEEDC0rux7JLCCPJvwHsi6aZSdwxGjGxg3TVJT','2017-06-06 10:14:57','2017-06-06 10:14:57'),(8,'Nguyen Nhien','nguyen.hong.nhien@softfront.com.vn','$2y$10$9BVgqUvE.tHQuZ1pisodhe51zaEdn6bIAXu4/dzhhoZzyPT5ldTNi',1,'IO09sZv7R9y4WWSeXNU6ArPehPWsG7jmpS5nFuCkrWbdKSY30qDxxsHK68EM','2017-06-06 10:17:15','2017-06-06 10:17:15'),(9,'Mai Van Sang','mai.van.sang@softfront.com.vn','$2y$10$Msj0bXfPmQVQ4nFBAddYhe/Zs49rqXPj/1PJW0gymq5qPkxpw6LkW',1,'JCqhtQPGDklrkE4zAWolSqhRV2mObKFshDrLIn2dK8oSqeIW6Ym9Df0XdxNB','2017-06-06 10:17:48','2017-06-06 10:17:48'),(10,'Phan Thanh Phat','phan.thanh.phat@softfront.com.vn','$2y$10$6f/VHqxy//VdUnbNz.lYr.7ab6rNKaqcFciNw.uXcz5/xPVy8csnO',1,NULL,'2017-06-06 10:18:20','2017-06-06 10:18:20'),(11,'Tran Kieu Oanh','tran.kieu.oanh@softfront.com.vn','$2y$10$8DlS5vd5SB33j9SE2bQxIOLkGHiFAS6V0sKQgtt/3kT3o8gOVcO2O',1,NULL,'2017-06-06 10:23:54','2017-06-06 10:23:54'),(12,'Mai Ngoc Thu','mai.ngoc.thu@softfront.com.vn','$2y$10$NYGaBHCKQ8Elde5WFAGj9OSNXk3TJb2DgUCv9OCPo64T309DYKD0O',1,NULL,'2017-06-06 10:24:32','2017-06-06 10:24:32'),(13,'Le Phuong Thao','le.phuong.thao@softfront.com.vn','$2y$10$R6kF10JmSfgsQEihWsUABe1./ZfeJL1nHWOAKow1w10enzBz.9hRS',1,NULL,'2017-06-06 10:25:27','2017-06-06 10:25:27'),(14,'Ho Cam Nhung','ho.cam.nhung@softfront.com.vn','$2y$10$g7IP6I0K7bBHMqF6B.4Wv.RuQu53tw3A8ffav2.c2L5nQfmHOJ2LK',1,NULL,'2017-06-06 10:25:52','2017-06-06 10:25:52'),(15,'Nguyen Lan Huong','nguyen.lan.huong@softfront-ds.co.jp','$2y$10$AnlRkZKKtaGXjJCp/1j9E.p9Et0JCAUpGzgvXBOkEu1K.Xu/eEHPa',1,NULL,'2017-06-06 10:39:36','2017-06-06 10:39:36'),(16,'user1','user1@gmail.com','$2y$10$SZzX5l5rF0qX8kzwK1z9KOUd3HXEE/Z6o6Kf65wgDyvgtEo9us2j6',2,'Vq8a9urdzb0Y2Q2wTdUfkpzhfHocAxWWWVk4u1TnLx2eFPgts0p0MEWEUs44','2017-06-14 05:47:46','2017-06-14 05:47:46');
/*!40000 ALTER TABLE `users` ENABLE KEYS */;
UNLOCK TABLES;

--
-- Table structure for table `words`
--

DROP TABLE IF EXISTS `words`;
/*!40101 SET @saved_cs_client     = @@character_set_client */;
/*!40101 SET character_set_client = utf8 */;
CREATE TABLE `words` (
  `id` int(10) unsigned NOT NULL AUTO_INCREMENT,
  `word` varchar(255) COLLATE utf8mb4_unicode_ci NOT NULL,
  `furigana` varchar(255) COLLATE utf8mb4_unicode_ci NOT NULL,
  `related` varchar(255) COLLATE utf8mb4_unicode_ci DEFAULT NULL,
  `published` int(11) DEFAULT '1',
  `created_at` timestamp NULL DEFAULT NULL,
  `updated_at` timestamp NULL DEFAULT NULL,
  PRIMARY KEY (`id`)
) ENGINE=InnoDB AUTO_INCREMENT=146 DEFAULT CHARSET=utf8mb4 COLLATE=utf8mb4_unicode_ci;
/*!40101 SET character_set_client = @saved_cs_client */;

--
-- Dumping data for table `words`
--

LOCK TABLES `words` WRITE;
/*!40000 ALTER TABLE `words` DISABLE KEYS */;
INSERT INTO `words` VALUES (34,'惜しい','おしい','残念、大切、もったいない',0,'2017-06-06 10:57:26','2017-06-06 10:57:26'),(42,'売上','うりあげ','収益',1,'2017-06-07 07:08:09','2017-06-13 14:06:32'),(43,'費用','ひよう',NULL,1,'2017-06-07 07:12:29','2017-06-13 14:06:21'),(44,'利益','りえき',NULL,1,'2017-06-07 07:15:15','2017-06-13 14:06:14'),(45,'貸借対照表','ちんしゃくたいしょうひょう','バランスシート',1,'2017-06-07 07:17:03','2017-06-13 14:04:01'),(46,'損益計算書','そんえきけいさんしょ','P/L (Profit and Loss)',1,'2017-06-07 07:18:33','2017-06-13 13:58:16'),(47,'キャッシュフロー計算書','きゃっしゅふろーけいさんしょ','Cash Flow Statement',1,'2017-06-07 07:19:58','2017-06-13 13:52:08'),(52,'資産','しさん',NULL,1,'2017-06-14 06:31:52','2017-06-15 12:03:25'),(53,'負債','ふさい',NULL,1,'2017-06-14 06:32:39','2017-06-15 12:03:22'),(54,'純資産','じゅんしさん','資本',1,'2017-06-14 06:36:36','2017-06-15 12:03:19'),(55,'流動資産','りゅうどうしさん',NULL,1,'2017-06-14 06:39:44','2017-06-15 12:03:17'),(56,'固定資産','こていしさん',NULL,1,'2017-06-14 06:40:33','2017-06-15 12:03:12'),(57,'後回し','あとまわし',NULL,1,'2017-06-14 11:44:07','2017-06-15 12:59:41'),(58,'目くばせ','めくばせ',NULL,1,'2017-06-14 11:53:46','2017-06-15 12:59:55'),(59,'せわしない','せわしない',NULL,1,'2017-06-14 12:01:50','2017-06-15 12:59:28'),(60,'手口','てぐち',NULL,1,'2017-06-14 12:06:20','2017-06-15 12:59:14'),(61,'ふんだんに','ふんだんに','たっぷり',1,'2017-06-14 12:15:44','2017-06-15 12:58:45'),(62,'株式','かぶしき','株券（かぶけん）',0,'2017-06-14 12:20:51','2017-06-14 12:20:51'),(63,'有限','ゆうげん',NULL,0,'2017-06-14 12:22:21','2017-06-14 12:22:21'),(64,'発注側','はっちゅうがわ','委託',0,'2017-06-14 12:31:54','2017-06-14 12:31:54'),(65,'開発側','かいはつがわ','受託',0,'2017-06-14 12:38:04','2017-06-14 12:38:04'),(66,'損する','そんする',NULL,1,'2017-06-14 13:11:29','2017-06-14 13:11:29'),(67,'認証','にんしょう',NULL,1,'2017-06-14 13:46:48','2017-06-14 13:46:48'),(68,'不在着信','ふざいちゃくしん',NULL,1,'2017-06-14 13:51:09','2017-06-14 13:51:09'),(69,'昇順','しょうじゅん',NULL,1,'2017-06-14 13:54:19','2017-06-14 13:54:19'),(70,'降順','こうじゅん',NULL,1,'2017-06-14 13:55:25','2017-06-14 14:05:08'),(71,'作成','さくせい',NULL,1,'2017-06-14 13:55:41','2017-06-14 13:55:41'),(72,'設計書','せっけいしょ',NULL,1,'2017-06-14 13:57:38','2017-06-14 13:59:32'),(73,'仕様書','しようしょ',NULL,1,'2017-06-14 13:59:00','2017-06-14 13:59:00'),(74,'優先順位','ゆうせんじゅんい',NULL,1,'2017-06-14 14:00:50','2017-06-14 14:05:06'),(75,'記載する','きさいする',NULL,1,'2017-06-14 14:07:29','2017-06-15 12:51:20'),(76,'履歴','りれき',NULL,1,'2017-06-14 14:09:05','2017-06-14 14:09:12'),(77,'要件定義書','ようけんていぎしょ',NULL,1,'2017-06-14 14:30:42','2017-06-14 14:34:47'),(78,'通話','つうわ','電話',1,'2017-06-14 14:39:56','2017-06-14 14:40:07'),(79,'無操作','むそうさ','操作',1,'2017-06-14 14:42:26','2017-06-14 14:42:26'),(80,'切断','せつだん',NULL,1,'2017-06-14 14:44:51','2017-06-14 14:44:51'),(81,'基本設計書','きほんせっけいしょ','設計、詳細設計',1,'2017-06-14 14:49:15','2017-06-14 14:49:15'),(82,'詳細設計書','しょうさいせっけいしょ','基本設計書、設計',1,'2017-06-14 14:52:09','2017-06-14 14:52:09'),(84,'現金','げんきん',NULL,1,'2017-06-15 11:30:23','2017-06-15 11:30:23'),(85,'預金','よきん',NULL,1,'2017-06-15 11:30:53','2017-06-15 11:30:53'),(86,'売掛金','うりかけきん',NULL,1,'2017-06-15 11:34:50','2017-06-15 11:34:50'),(87,'貸倒引当金','かしだおれひきあてきん',NULL,1,'2017-06-15 11:38:21','2017-06-15 11:38:21'),(88,'勘定','かんじょう','勘定科目、科目',1,'2017-06-15 11:40:43','2017-06-15 11:40:43'),(89,'ざっくばらん','ざっくばらん',NULL,1,'2017-06-15 11:48:08','2017-06-15 12:58:29'),(90,'過剰','かじょう',NULL,0,'2017-06-15 11:58:55','2017-06-15 12:58:18'),(91,'盛り上がる','さかりあがる',NULL,0,'2017-06-15 12:07:01','2017-06-15 12:58:07'),(92,'手元','てもと',NULL,1,'2017-06-15 12:10:36','2017-06-15 12:57:50'),(93,'めいっぱい','めいっぱい',NULL,0,'2017-06-15 12:13:43','2017-06-15 12:57:41'),(94,'強情','ごうじょう',NULL,0,'2017-06-15 12:20:20','2017-06-15 12:57:20'),(95,'論旨','ろんし',NULL,1,'2017-06-15 12:32:24','2017-06-15 12:57:31'),(96,'勘違い','かんちがい',NULL,1,'2017-06-15 13:26:45','2017-06-15 13:26:45'),(97,'食べ放題','たべほうだい',NULL,1,'2017-06-15 13:30:43','2017-06-15 13:30:43'),(98,'飲み放題','のみほうだい',NULL,1,'2017-06-15 13:31:58','2017-06-15 13:31:58'),(99,'度忘れ（する）','どわすれ（する）',NULL,1,'2017-06-15 13:33:06','2017-06-15 13:33:06'),(100,'物忘れ（する）','ものわすれ（する）',NULL,1,'2017-06-15 13:35:24','2017-06-15 13:35:24'),(101,'監視','かんし',NULL,0,'2017-06-15 14:35:29','2017-06-15 14:35:29'),(102,'防犯','ぼうはん',NULL,0,'2017-06-15 14:36:41','2017-06-15 14:36:41'),(103,'関連','かんれん','関係がある、つながり',0,'2017-06-15 14:38:39','2017-06-15 14:38:39'),(104,'販売','はんばい','売る、営業',1,'2017-06-15 14:41:20','2017-06-15 14:41:20'),(105,'購入','こうにゅう','買う、買収',0,'2017-06-15 14:45:18','2017-06-15 14:45:18'),(106,'手数料','てすうりょう','口銭（こうせん）',0,'2017-06-15 14:49:11','2017-06-15 14:49:11'),(107,'ユーザ','ゆーざ',NULL,1,'2017-06-15 15:22:29','2017-06-15 15:22:29'),(108,'端末','たんまつ',NULL,1,'2017-06-15 15:24:45','2017-06-15 15:24:45'),(109,'半角','はんかく','全角',1,'2017-06-15 15:27:51','2017-06-15 15:31:13'),(110,'全角','ぜんかく','半角',1,'2017-06-15 15:30:58','2017-06-15 15:30:58'),(111,'英数字','えいすうじ',NULL,1,'2017-06-15 15:33:29','2017-06-15 15:33:29'),(112,'有形固定資産','ゆうけいこていしさん',NULL,1,'2017-06-16 12:30:09','2017-06-16 12:30:09'),(113,'無形固定資産','むけいこていしさん',NULL,1,'2017-06-16 12:30:45','2017-06-16 12:30:45'),(114,'買掛金','かいかけきん',NULL,1,'2017-06-16 12:32:09','2017-06-16 12:35:48'),(115,'短期借入金','たんきしゃくにゅうきん','長期借入金',1,'2017-06-16 12:33:56','2017-06-16 12:33:56'),(116,'長期借入金','ちょうきしゃくにゅうきん','短期借入金',1,'2017-06-16 12:34:58','2017-06-16 12:35:21'),(117,'編集（する）','へんしゅう（する）',NULL,1,'2017-06-16 14:19:44','2017-06-16 14:19:44'),(118,'要求','ようきゅう',NULL,1,'2017-06-16 14:25:24','2017-06-16 14:25:24'),(119,'整理','せいり',NULL,1,'2017-06-16 14:27:00','2017-06-16 14:27:00'),(120,'把握','はあく',NULL,1,'2017-06-16 14:31:29','2017-06-16 14:31:29'),(121,'明確','めいかく',NULL,1,'2017-06-16 14:33:54','2017-06-16 14:33:54'),(122,'転送','てんそう','転送（設定）者、被転送者、転送先',1,'2017-06-17 10:29:39','2017-06-17 10:29:39'),(123,'被転送者','ひてんそうしゃ','転送（設定）者、転送、転送先',1,'2017-06-17 10:42:26','2017-06-17 10:42:26'),(124,'転送（設定）者','てんそう（せってい）しゃ','転送、被転送者、転送先',1,'2017-06-17 10:59:28','2017-06-17 10:59:28'),(125,'転送先','てんそうさき','転送（設定）者、被転送者、転送',1,'2017-06-17 11:02:10','2017-06-17 11:02:10'),(126,'消音（機能）','しょうおん（きのう）','消音解除',1,'2017-06-17 11:05:10','2017-06-17 11:05:10'),(127,'消音解除','しょうおんかいじょ','消音機能',1,'2017-06-17 11:08:09','2017-06-17 11:08:09'),(128,'募る','つのる',NULL,0,'2017-06-21 11:47:08','2017-06-21 11:47:08'),(129,'ルーズ','ルーズ','だらしない',1,'2017-06-21 11:51:43','2017-06-21 11:51:43'),(130,'申し分ない','もうしぶんない','完璧',1,'2017-06-21 11:56:44','2017-06-21 11:56:44'),(131,'当面','とうめん','さしあたり',1,'2017-06-21 12:00:57','2017-06-21 12:00:57'),(132,'みじんも','みじんも','すこしも',1,'2017-06-21 12:09:57','2017-06-21 12:09:57'),(133,'しくじる','しくじる','失敗する',0,'2017-06-21 12:20:40','2017-06-21 12:20:40'),(134,'しなやか','しなやか','柔らかい',1,'2017-06-22 06:53:54','2017-06-22 06:53:54'),(135,'見せびらかす','みせびらかす',NULL,0,'2017-06-22 12:09:50','2017-06-22 12:09:50'),(136,'あがる','あがる',NULL,1,'2017-06-22 12:25:23','2017-06-22 12:25:23'),(137,'もめる','もめる',NULL,0,'2017-06-22 12:31:31','2017-06-22 12:31:31'),(138,'同然','どうぜん',NULL,1,'2017-06-22 12:41:36','2017-06-22 12:41:36'),(139,'任意','にんい',NULL,0,'2017-06-22 14:12:45','2017-06-22 14:12:45'),(140,'双方向','そうほうこう',NULL,1,'2017-06-22 14:50:57','2017-06-22 14:50:57'),(141,'取り残す','とりのこす',NULL,1,'2017-06-23 13:18:17','2017-06-23 13:18:17'),(142,'甘党','あまとう',NULL,0,'2017-06-23 13:40:14','2017-06-23 13:40:14'),(143,'殻に閉じこもる','からにとじこめる',NULL,0,'2017-06-23 13:45:54','2017-06-23 13:45:54'),(144,'改善','かいぜん',NULL,1,'2017-06-23 14:32:15','2017-06-23 14:32:15'),(145,'概算','がいさん',NULL,0,'2017-06-23 14:35:34','2017-06-23 14:35:34');
/*!40000 ALTER TABLE `words` ENABLE KEYS */;
UNLOCK TABLES;
/*!40103 SET TIME_ZONE=@OLD_TIME_ZONE */;

/*!40101 SET SQL_MODE=@OLD_SQL_MODE */;
/*!40014 SET FOREIGN_KEY_CHECKS=@OLD_FOREIGN_KEY_CHECKS */;
/*!40014 SET UNIQUE_CHECKS=@OLD_UNIQUE_CHECKS */;
/*!40101 SET CHARACTER_SET_CLIENT=@OLD_CHARACTER_SET_CLIENT */;
/*!40101 SET CHARACTER_SET_RESULTS=@OLD_CHARACTER_SET_RESULTS */;
/*!40101 SET COLLATION_CONNECTION=@OLD_COLLATION_CONNECTION */;
/*!40111 SET SQL_NOTES=@OLD_SQL_NOTES */;

-- Dump completed on 2017-06-27 21:09:24
